Workbook

Sheet README
A1: Dataset macroeconómico - Análisis de expectativas de inflación República Dominicana
A3: Periodo de cobertura: | B3: Octubre 2009 – Diciembre 2024 (183 observaciones mensuales)
A4: Frecuencia: | B4: Mensual
A5: Autor del dataset: | B5: Compilado por C.E. Medina Tineo - UNIBE Maestría en Finanzas
A6: Fecha de compilación: | B6: Abril 2026
A8: ▶ FUENTES
A10: Inflación interanual: | B10: BCRD - Informes Mensuales del IPC. Verificada con calculador IPC oficial. URL: https://bancentral.gov.do/a/ipc-consulta
A11: TPM: | B11: BCRD - Comunicados de Política Monetaria mensuales. URL: https://www.bancentral.gov.do/a/d/2575
A12: Tipo de cambio DOP/USD: | B12: BCRD - Mercado Cambiario, tasa promedio de venta. URL: https://www.bancentral.gov.do/SectorExterno/HistoricoTasas
A13: PIB real interanual: | B13: BCRD - IMAE (Indicador Mensual de Actividad Económica) y Cuentas Nacionales trimestrales.
A14: Mediana EEM (12m): | B14: *** SERIE CALIBRADA *** El Banco Central no publica un Excel histórico de la EEM en URL pública directa. La columna aquí usa la calibración: E[π] = 0.35·meta + 0.65·MA6(π) + ε, siguiendo Jiménez-López (2014). REEMPLAZAR con datos oficiales antes del análisis final.
A16: ▶ ESTRUCTURA DEL ARCHIVO
A17: Hoja 'README': | B17: Esta hoja - documentación de fuentes y notas metodológicas
A18: Hoja 'Datos_Mensuales': | B18: Series principales tal como vienen de las fuentes
A19: Hoja 'Variables_Construidas': | B19: Errores de pronóstico, rezagos, dummies, e indicadores derivados
A20: Hoja 'Estadisticas_Descriptivas': | B20: Resumen estadístico de las series
A22: ▶ CONVENCIONES
A23: Inflación: | B23: % interanual al cierre del mes (variación 12 meses del IPC)
A24: Expectativa 12m: | B24: Mediana del consenso de analistas para inflación a 12 meses adelante
A25: Error de pronóstico: | B25: π_t - E[π_t | t-12] (realizado menos esperado hace 12 meses)
A26: Revisión: | B26: E[π_t | t] - E[π_t | t-1] (cambio mes a mes en la expectativa)
A28: ▶ ADVERTENCIA IMPORTANTE
A29: Este archivo se construyó con datos publicados en informes oficiales del BCRD. Antes de presentar resultados académicos, verificar las cifras contra el calculador IPC oficial y la serie histórica de la EEM. Pueden existir revisiones posteriores no incorporadas. La columna de la EEM es CALIBRADA, no oficial, y debe ser sustituida con los datos reales de la encuesta antes de cualquier publicación o presentación académica.

Sheet Datos_Mensuales
A1: Fecha | B1: Año | C1: Mes | D1: Inflación interanual (%) | E1: Mediana EEM Exp. 12m (%) [CALIBRADA] | F1: TPM (%) | G1: DOP/USD (RD$) | H1: Var. TC interanual (%) | I1: PIB real interanual (%)
A2: 40087 | B2: 2009 | C2: 10 | D2: 5.2 | E2: 4.69 | F2: 4 | G2: 36.05 | I2: 4
A3: 40118 | B3: 2009 | C3: 11 | D3: 5.71 | E3: 4.68 | F3: 4 | G3: 36.05 | I3: 4.5
A4: 40148 | B4: 2009 | C4: 12 | D4: 5.76 | E4: 4.87 | F4: 4 | G4: 36.1 | I4: 5
A5: 40179 | B5: 2010 | C5: 1 | D5: 6.16 | E5: 5.09 | F5: 4 | G5: 36.2 | I5: 7.5
A6: 40210 | B6: 2010 | C6: 2 | D6: 6.2 | E6: 5.29 | F6: 4 | G6: 36.3 | I6: 8
A7: 40238 | B7: 2010 | C7: 3 | D7: 6.31 | E7: 5.38 | F7: 4 | G7: 36.45 | I7: 7.8
A8: 40269 | B8: 2010 | C8: 4 | D8: 6.34 | E8: 5.24 | F8: 4 | G8: 36.55 | I8: 8
A9: 40299 | B9: 2010 | C9: 5 | D9: 5.86 | E9: 5.12 | F9: 4 | G9: 36.65 | I9: 8.5
A10: 40330 | B10: 2010 | C10: 6 | D10: 6.11 | E10: 5.29 | F10: 4 | G10: 36.85 | I10: 8.2
A11: 40360 | B11: 2010 | C11: 7 | D11: 6.45 | E11: 5.45 | F11: 4.5 | G11: 37.05 | I11: 7.8
A12: 40391 | B12: 2010 | C12: 8 | D12: 6.29 | E12: 5.4 | F12: 5 | G12: 37.2 | I12: 7.5
A13: 40422 | B13: 2010 | C13: 9 | D13: 6.14 | E13: 5.37 | F13: 5 | G13: 37.3 | I13: 7
A14: 40452 | B14: 2010 | C14: 10 | D14: 6.32 | E14: 5.17 | F14: 5 | G14: 37.4 | H14: 3.74 | I14: 6.5
A15: 40483 | B15: 2010 | C15: 11 | D15: 6.22 | E15: 5.34 | F15: 5 | G15: 37.5 | H15: 4.02 | I15: 6
A16: 40513 | B16: 2010 | C16: 12 | D16: 6.24 | E16: 5.61 | F16: 5 | G16: 37.45 | H16: 3.74 | I16: 5.8
A17: 40544 | B17: 2011 | C17: 1 | D17: 6.38 | E17: 5.55 | F17: 5 | G17: 37.5 | H17: 3.59 | I17: 4.8
A18: 40575 | B18: 2011 | C18: 2 | D18: 6.94 | E18: 5.6 | F18: 5.5 | G18: 37.6 | H18: 3.58 | I18: 4.5
A19: 40603 | B19: 2011 | C19: 3 | D19: 7.85 | E19: 5.58 | F19: 5.5 | G19: 37.75 | H19: 3.57 | I19: 4
A20: 40634 | B20: 2011 | C20: 4 | D20: 8.45 | E20: 5.92 | F20: 6.25 | G20: 37.9 | H20: 3.69 | I20: 4.2
A21: 40664 | B21: 2011 | C21: 5 | D21: 9.01 | E21: 6.27 | F21: 6.75 | G21: 38.05 | H21: 3.82 | I21: 3.8
A22: 40695 | B22: 2011 | C22: 6 | D22: 8.9 | E22: 6.41 | F22: 6.75 | G22: 38.1 | H22: 3.39 | I22: 3.5
A23: 40725 | B23: 2011 | C23: 7 | D23: 8.08 | E23: 6.75 | F23: 6.75 | G23: 38.15 | H23: 2.97 | I23: 4
A24: 40756 | B24: 2011 | C24: 8 | D24: 8.46 | E24: 6.62 | F24: 6.75 | G24: 38.2 | H24: 2.69 | I24: 4.2
A25: 40787 | B25: 2011 | C25: 9 | D25: 8.31 | E25: 6.82 | F25: 6.75 | G25: 38.3 | H25: 2.68 | I25: 4.5
... A184: 45627 | B184: 2024 | C184: 12 | D184: 3.35 | E184: 3.36 | F184: 6 | G184: 60.8 | H184: 5.92 | I184: 5
A187: Nota: La columna 'Mediana EEM' está CALIBRADA. Reemplazar con datos oficiales de la EEM del BCRD.

Sheet Variables_Construidas
A1: Fecha | B1: Inflación π_t (%) | C1: Expectativa E[π_{t+12}] (%) | D1: Error de pronóstico e_t (p.p.) | E1: Error² e_t² (p.p.²) | F1: Revisión rev_t (p.p.) | G1: Error rezagado e_{t-12} (p.p.) | H1: Dummy pandemia (mar2020-dic2022) | I1: Año | J1: Mes
A2: 40087 | B2: 5.2 | C2: 4.69 | H2: 0 | I2: 2009 | J2: 10
A3: 40118 | B3: 5.71 | C3: 4.68 | F3: =C3-C2 -> -0.01 | H3: 0 | I3: 2009 | J3: 11
A4: 40148 | B4: 5.76 | C4: 4.87 | F4: =C4-C3 -> 0.19 | H4: 0 | I4: 2009 | J4: 12
A5: 40179 | B5: 6.16 | C5: 5.09 | F5: =C5-C4 -> 0.22 | H5: 0 | I5: 2010 | J5: 1
A6: 40210 | B6: 6.2 | C6: 5.29 | F6: =C6-C5 -> 0.2 | H6: 0 | I6: 2010 | J6: 2
A7: 40238 | B7: 6.31 | C7: 5.38 | F7: =C7-C6 -> 0.09 | H7: 0 | I7: 2010 | J7: 3
A8: 40269 | B8: 6.34 | C8: 5.24 | F8: =C8-C7 -> -0.14 | H8: 0 | I8: 2010 | J8: 4
A9: 40299 | B9: 5.86 | C9: 5.12 | F9: =C9-C8 -> -0.12 | H9: 0 | I9: 2010 | J9: 5
A10: 40330 | B10: 6.11 | C10: 5.29 | F10: =C10-C9 -> 0.17 | H10: 0 | I10: 2010 | J10: 6
A11: 40360 | B11: 6.45 | C11: 5.45 | F11: =C11-C10 -> 0.16 | H11: 0 | I11: 2010 | J11: 7
A12: 40391 | B12: 6.29 | C12: 5.4 | F12: =C12-C11 -> -0.05 | H12: 0 | I12: 2010 | J12: 8
A13: 40422 | B13: 6.14 | C13: 5.37 | F13: =C13-C12 -> -0.03 | H13: 0 | I13: 2010 | J13: 9
A14: 40452 | B14: 6.32 | C14: 5.17 | D14: =B14-C2 -> 1.63 | E14: =D14^2 -> 2.6569 | F14: =C14-C13 -> -0.2 | H14: 0 | I14: 2010 | J14: 10
A15: 40483 | B15: 6.22 | C15: 5.34 | D15: =B15-C3 -> 1.54 | E15: =D15^2 -> 2.3716 | F15: =C15-C14 -> 0.17 | H15: 0 | I15: 2010 | J15: 11
A16: 40513 | B16: 6.24 | C16: 5.61 | D16: =B16-C4 -> 1.37 | E16: =D16^2 -> 1.8769 | F16: =C16-C15 -> 0.27 | H16: 0 | I16: 2010 | J16: 12
A17: 40544 | B17: 6.38 | C17: 5.55 | D17: =B17-C5 -> 1.29 | E17: =D17^2 -> 1.6641 | F17: =C17-C16 -> -0.06 | H17: 0 | I17: 2011 | J17: 1
A18: 40575 | B18: 6.94 | C18: 5.6 | D18: =B18-C6 -> 1.65 | E18: =D18^2 -> 2.7225 | F18: =C18-C17 -> 0.05 | H18: 0 | I18: 2011 | J18: 2
A19: 40603 | B19: 7.85 | C19: 5.58 | D19: =B19-C7 -> 2.47 | E19: =D19^2 -> 6.1009 | F19: =C19-C18 -> -0.02 | H19: 0 | I19: 2011 | J19: 3
A20: 40634 | B20: 8.45 | C20: 5.92 | D20: =B20-C8 -> 3.21 | E20: =D20^2 -> 10.3041 | F20: =C20-C19 -> 0.34 | H20: 0 | I20: 2011 | J20: 4
A21: 40664 | B21: 9.01 | C21: 6.27 | D21: =B21-C9 -> 3.89 | E21: =D21^2 -> 15.1321 | F21: =C21-C20 -> 0.35 | H21: 0 | I21: 2011 | J21: 5
A22: 40695 | B22: 8.9 | C22: 6.41 | D22: =B22-C10 -> 3.61 | E22: =D22^2 -> 13.0321 | F22: =C22-C21 -> 0.14 | H22: 0 | I22: 2011 | J22: 6
A23: 40725 | B23: 8.08 | C23: 6.75 | D23: =B23-C11 -> 2.63 | E23: =D23^2 -> 6.9169 | F23: =C23-C22 -> 0.34 | H23: 0 | I23: 2011 | J23: 7
A24: 40756 | B24: 8.46 | C24: 6.62 | D24: =B24-C12 -> 3.06 | E24: =D24^2 -> 9.3636 | F24: =C24-C23 -> -0.13 | H24: 0 | I24: 2011 | J24: 8
A25: 40787 | B25: 8.31 | C25: 6.82 | D25: =B25-C13 -> 2.94 | E25: =D25^2 -> 8.6436 | F25: =C25-C24 -> 0.2 | H25: 0 | I25: 2011 | J25: 9
A26: 40817 | B26: 7.91 | C26: 7.09 | D26: =B26-C14 -> 2.74 | E26: =D26^2 -> 7.5076 | F26: =C26-C25 -> 0.27 | G26: =D14 -> 1.63 | H26: 0 | I26: 2011 | J26: 10
A27: 40848 | B27: 7.79 | C27: 6.66 | D27: =B27-C15 -> 2.45 | E27: =D27^2 -> 6.0025 | F27: =C27-C26 -> -0.43 | G27: =D15 -> 1.54 | H27: 0 | I27: 2011 | J27: 11
A28: 40878 | B28: 7.76 | C28: 6.49 | D28: =B28-C16 -> 2.15 | E28: =D28^2 -> 4.6225 | F28: =C28-C27 -> -0.17 | G28: =D16 -> 1.37 | H28: 0 | I28: 2011 | J28: 12
A29: 40909 | B29: 7.31 | C29: 6.83 | D29: =B29-C17 -> 1.76 | E29: =D29^2 -> 3.0976 | F29: =C29-C28 -> 0.34 | G29: =D17 -> 1.29 | H29: 0 | I29: 2012 | J29: 1
A30: 40940 | B30: 6.73 | C30: 6.71 | D30: =B30-C18 -> 1.13 | E30: =D30^2 -> 1.2769 | F30: =C30-C29 -> -0.12 | G30: =D18 -> 1.65 | H30: 0 | I30: 2012 | J30: 2
A31: 40969 | B31: 5.39 | C31: 6.04 | D31: =B31-C19 -> -0.19 | E31: =D31^2 -> 0.0361 | F31: =C31-C30 -> -0.67 | G31: =D19 -> 2.47 | H31: 0 | I31: 2012 | J31: 3
A32: 41000 | B32: 4.46 | C32: 5.7 | D32: =B32-C20 -> -1.46 | E32: =D32^2 -> 2.1316 | F32: =C32-C31 -> -0.34 | G32: =D20 -> 3.21 | H32: 0 | I32: 2012 | J32: 4
A33: 41030 | B33: 3.61 | C33: 5.47 | D33: =B33-C21 -> -2.66 | E33: =D33^2 -> 7.0756 | F33: =C33-C32 -> -0.23 | G33: =D21 -> 3.89 | H33: 0 | I33: 2012 | J33: 5
A34: 41061 | B34: 3.67 | C34: 4.97 | D34: =B34-C22 -> -2.74 | E34: =D34^2 -> 7.5076 | F34: =C34-C33 -> -0.5 | G34: =D22 -> 3.61 | H34: 0 | I34: 2012 | J34: 6
A35: 41091 | B35: 4.2 | C35: 4.49 | D35: =B35-C23 -> -2.55 | E35: =D35^2 -> 6.5025 | F35: =C35-C34 -> -0.48 | G35: =D23 -> 2.63 | H35: 0 | I35: 2012 | J35: 7
A36: 41122 | B36: 3.48 | C36: 4.32 | D36: =B36-C24 -> -3.14 | E36: =D36^2 -> 9.8596 | F36: =C36-C35 -> -0.17 | G36: =D24 -> 3.06 | H36: 0 | I36: 2012 | J36: 8
A37: 41153 | B37: 3.54 | C37: 4.19 | D37: =B37-C25 -> -3.28 | E37: =D37^2 -> 10.7584 | F37: =C37-C36 -> -0.13 | G37: =D25 -> 2.94 | H37: 0 | I37: 2012 | J37: 9
... A184: 45627 | B184: 3.35 | C184: 3.36 | D184: =B184-C172 -> -0.59 | E184: =D184^2 -> 0.3481 | F184: =C184-C183 -> -0.21 | G184: =D172 -> -3.32 | H184: 0 | I184: 2024 | J184: 12

Sheet Estadisticas_Descriptivas
A1: Estadísticas descriptivas de las series
A3: Variable | B3: N | C3: Media | D3: Mediana | E3: Desv. Est. | F3: Mínimo | G3: Máximo | H3: Fuente
A4: Inflación interanual (%) | B4: =COUNT(Datos_Mensuales!D2:D184) -> 183 | C4: =AVERAGE(Datos_Mensuales!D2:D184) -> 4.3927322 | D4: =MEDIAN(Datos_Mensuales!D2:D184) -> 3.91 | E4: =STDEV(Datos_Mensuales!D2:D184) -> 2.4589552 | F4: =MIN(Datos_Mensuales!D2:D184) -> 0.04 | G4: =MAX(Datos_Mensuales!D2:D184) -> 9.64 | H4: BCRD - Informes Mensuales del IPC
A5: Mediana EEM Exp. 12m (%) [CALIBRADA] | B5: =COUNT(Datos_Mensuales!E2:E184) -> 183 | C5: =AVERAGE(Datos_Mensuales!E2:E184) -> 4.2945902 | D5: =MEDIAN(Datos_Mensuales!E2:E184) -> 4.01 | E5: =STDEV(Datos_Mensuales!E2:E184) -> 1.5366467 | F5: =MIN(Datos_Mensuales!E2:E184) -> 1.6 | G5: =MAX(Datos_Mensuales!E2:E184) -> 7.46 | H5: Calibración (reemplazar con EEM oficial)
A6: TPM (%) | B6: =COUNT(Datos_Mensuales!F2:F184) -> 183 | C6: =AVERAGE(Datos_Mensuales!F2:F184) -> 5.4344262 | D6: =MEDIAN(Datos_Mensuales!F2:F184) -> 5.25 | E6: =STDEV(Datos_Mensuales!F2:F184) -> 1.3854386 | F6: =MIN(Datos_Mensuales!F2:F184) -> 3 | G6: =MAX(Datos_Mensuales!F2:F184) -> 8.5 | H6: BCRD - Comunicados de Política Monetaria
A7: DOP/USD | B7: =COUNT(Datos_Mensuales!G2:G184) -> 183 | C7: =AVERAGE(Datos_Mensuales!G2:G184) -> 48.01694 | D7: =MEDIAN(Datos_Mensuales!G2:G184) -> 47.45 | E7: =STDEV(Datos_Mensuales!G2:G184) -> 7.426496 | F7: =MIN(Datos_Mensuales!G2:G184) -> 36.05 | G7: =MAX(Datos_Mensuales!G2:G184) -> 60.8 | H7: BCRD - Mercado Cambiario
A8: Var. TC interanual (%) | B8: =COUNT(Datos_Mensuales!H2:H184) -> 171 | C8: =AVERAGE(Datos_Mensuales!H2:H184) -> 3.5234503 | D8: =MEDIAN(Datos_Mensuales!H2:H184) -> 3.33 | E8: =STDEV(Datos_Mensuales!H2:H184) -> 3.3896155 | F8: =MIN(Datos_Mensuales!H2:H184) -> -5.89 | G8: =MAX(Datos_Mensuales!H2:H184) -> 13.84 | H8: BCRD - cálculo propio
A9: PIB real interanual (%) | B9: =COUNT(Datos_Mensuales!I2:I184) -> 183 | C9: =AVERAGE(Datos_Mensuales!I2:I184) -> 5.0027322 | D9: =MEDIAN(Datos_Mensuales!I2:I184) -> 5 | E9: =STDEV(Datos_Mensuales!I2:I184) -> 5.4031272 | F9: =MIN(Datos_Mensuales!I2:I184) -> -29.8 | G9: =MAX(Datos_Mensuales!I2:I184) -> 47.1 | H9: BCRD - IMAE / Cuentas Nacionales
A12: Por subperíodo
A13: Pre-pandemia (oct 2009 - feb 2020) | B13: Media | C13: Desv. | D13: Mín | E13: Máx
A14: Inflación | B14: =AVERAGE(Datos_Mensuales!D2:D126) -> 3.772 | C14: =STDEV(Datos_Mensuales!D2:D126) -> 2.2166514 | D14: =MIN(Datos_Mensuales!D2:D126) -> 0.04 | E14: =MAX(Datos_Mensuales!D2:D126) -> 9.01
A15: Post-pandemia (mar 2020 - dic 2024) | B15: Media | C15: Desv. | D15: Mín | E15: Máx
A16: Inflación | B16: =AVERAGE(Datos_Mensuales!D127:D184) -> 5.7305172 | C16: =STDEV(Datos_Mensuales!D127:D184) -> 2.4394854 | D16: =MIN(Datos_Mensuales!D127:D184) -> 1.75 | E16: =MAX(Datos_Mensuales!D127:D184) -> 9.64
